OrderID,OrderDate,CustomerID,ProductID,StoreID,Quantity,Discount,PaymentMethod
O000001,2023-07-17,C05483,P0143,S006,1,0.0,Debit Card
O000002,2024-05-09,C07690,P0034,S025,3,0.05,Debit Card
O000003,2024-03-27,C04011,P0112,S012,1,0.05,UPI
O000004,2025-06-15,C01043,P0114,S012,1,0.0,UPI
O000005,2024-09-26,C04567,P0028,S010,1,,UPI
O000006,2025-03-08,C03329,P0110,S004,1,0.0,Credit Card
O000007,2023-09-19,C04975,P0069,S006,1,0.0,Cash
O000008,2023-05-22,C02833,P0016,S021,1,0.0,Cash
O000009,2024-03-31,C05215,P0064,S019,1,0.0,Credit Card
O000010,2024-11-07,C04131,P0047,S010,3,0.05,UPI
O000011,2023-05-24,C06811,P0034,S020,3,0.0,UPI
O000012,2023-08-18,C05642,P0029,S005,5,0.0,Credit Card
O000013,2025-01-12,C02581,P0119,S022,4,0.0,Cash
O000014,2023-06-22,C06470,P0023,S014,4,0.0,Net Banking
O000015,2023-03-10,C06826,P0101,S021,2,0.0,Credit Card
O000016,2023-04-04,C00032,P0071,S009,1,0.1,Cash
O000017,2025-03-14,C02188,P0075,S009,1,0.05,Debit Card
O000018,2025-05-06,C04819,P0024,S009,1,0.0,Debit Card
O000019,2025-08-07,C05155,P0039,S006,3,0.05,UPI
O000020,2025-10-21,C01958,P0082,S006,1,0.0,Cash
O000021,2025-11-04,C07393,P0115,S018,1,0.05,UPI
O000022,2024-03-23,C01544,P0139,S025,1,0.0,UPI
O000023,2023-03-30,C07369,P0016,S022,1,0.0,UPI
O000024,2025-05-18,C05288,P0122,S015,3,0.0,Credit Card
O000025,2025-04-26,C00988,P0123,S006,2,0.0,Net Banking
O000026,2023-02-26,C01977,P0075,S009,3,0.05,UPI
O000027,2024-08-10,C06718,P0097,S012,2,0.05,Cash
O000028,2025-12-18,C02336,P0017,S011,1,0.05,Debit Card
O000029,2024-11-12,C00992,P0120,S011,1,0.0,Net Banking
O000030,2023-05-20,C06698,P0132,S012,1,0.05,UPI
O000031,2025-03-02,C02941,P0145,S012,3,0.05,UPI
O000032,2025-04-23,C00104,P0011,S021,4,0.0,Debit Card
O000033,2025-07-05,C06095,P0081,S005,1,0.15,Debit Card
O000034,2025-11-22,C02100,P0036,S003,1,0.0,UPI
O000035,2023-09-19,C02672,P0024,S024,1,0.0,Credit Card
O000036,2025-01-24,C06875,P0051,S015,2,0.0,Credit Card
O000037,2025-04-26,C00370,P0070,S003,1,0.15,UPI
O000038,2023-04-28,C01515,P0121,S002,1,0.0,Debit Card
O000039,2023-11-14,C01466,P0144,S005,1,0.1,Debit Card
O000040,2025-01-10,C05230,P0039,S010,3,0.0,Credit Card
O000041,2023-12-07,C04976,P0095,S002,1,0.0,Credit Card
O000042,2023-09-30,C04563,P0067,S001,1,0.15,Debit Card
O000043,2024-11-03,C01624,P0014,S018,1,0.0,Debit Card
O000044,2024-08-25,C06157,P0128,S013,1,0.1,UPI
O000045,2025-06-16,C04144,P0040,S010,1,0.05,Net Banking
O000046,2025-02-11,C04978,P0080,S023,2,0.15,Net Banking
O000047,2023-01-10,C05571,P0145,S021,1,0.1,Credit Card
O000048,2023-11-22,C07200,P0092,S024,1,0.1,UPI
O000049,2024-01-06,C02738,P0110,S006,2,,UPI
O000050,2023-10-27,C01727,P0037,S011,1,0.0,Credit Card
O000051,2024-09-14,C05881,P0106,S018,3,0.1,Debit Card
O000052,2025-08-27,C07873,P0015,S024,2,,UPI
O000053,2024-05-08,C02076,P0065,S014,1,0.0,UPI
O000054,2023-07-25,C07679,P0077,S020,2,0.15,UPI
O000055,2023-04-09,C03101,P0132,S013,1,0.1,UPI
O000056,2025-11-30,C05697,P0134,S016,4,0.1,Net Banking
O000057,2024-07-10,C07962,P0065,S020,3,0.0,Cash
O000058,2024-05-18,C05573,P0093,S003,1,0.15,Debit Card
O000059,2024-10-25,C03417,P0023,S008,2,0.0,UPI
O000060,2024-04-11,C05697,P0061,S004,1,0.1,UPI
O000061,2025-03-20,C04746,P0049,S009,1,0.1,UPI
O000062,2023-10-04,C05288,P0053,S016,4,0.1,Net Banking
O000063,2024-05-22,C05175,P0142,S001,1,0.0,UPI
O000064,2023-02-26,C00629,P0099,S007,1,0.0,UPI
O000065,2023-01-13,C05138,P0040,S008,2,0.0,UPI
O000066,2023-05-30,C07604,P0050,S008,3,0.05,Debit Card
O000067,2024-03-20,C05562,P0018,S010,2,0.1,Credit Card
O000068,2023-06-12,C01376,P0125,S002,1,0.0,Credit Card
O000069,2025-05-23,C03965,P0048,S002,3,0.0,Debit Card
O000070,2023-02-07,C07353,P0063,S004,2,0.05,Credit Card
O000071,2024-10-17,C03268,P0148,S023,2,0.0,Debit Card
O000072,2023-08-04,C05376,P0149,S021,5,0.0,Net Banking
O000073,2025-02-09,C07118,P0088,S007,3,0.05,Net Banking
O000074,2024-09-24,C04339,P0062,S009,5,0.1,Cash
O000075,2025-09-12,C00932,P0096,S003,1,0.05,UPI
O000076,2023-08-25,C00931,P0120,S021,1,0.1,Credit Card
O000077,2023-10-01,C03954,P0037,S018,4,0.0,Cash
O000078,2023-04-20,C00382,P0061,S022,5,0.1,UPI
O000079,2024-02-18,C02319,P0146,S021,1,0.0,UPI
O000080,2025-02-18,C05457,P0004,S001,1,0.1,Cash
O000081,2024-03-15,C01458,P0068,S023,1,0.05,UPI
O000082,2024-12-18,C01532,P0116,S013,1,0.0,Debit Card
O000083,2023-03-29,C07243,P0042,S003,1,0.0,Credit Card
O000084,2024-12-10,C05944,P0075,S006,1,0.05,UPI
O000085,2025-03-02,C04048,P0007,S004,2,0.0,Credit Card
O000086,2025-11-01,C00908,P0029,S014,5,0.05,Debit Card
O000087,2025-04-22,C06037,P0035,S020,1,0.0,UPI
O000088,2024-01-22,C04155,P0102,S009,2,0.05,Credit Card
O000089,2023-02-02,C01398,P0044,S002,2,0.0,UPI
O000090,2024-11-23,C01710,P0006,S010,4,0.0,UPI
O000091,2024-02-09,C00636,P0134,S009,2,0.0,Debit Card
O000092,2023-02-26,C03665,P0083,S011,1,0.1,Credit Card
O000093,2023-12-02,C04488,P0075,S014,4,0.15,UPI
O000094,2025-10-13,C04131,P0065,S014,1,0.05,UPI
O000095,2023-01-15,C04581,P0059,S001,2,0.05,UPI
O000096,2024-08-25,C06806,P0011,S011,4,0.0,UPI
O000097,2023-01-16,C00690,P0128,S006,1,0.05,Debit Card
O000098,2025-06-25,C01986,P0036,S018,1,0.0,UPI
O000099,2024-04-28,C01069,P0003,S012,1,0.0,UPI
O000100,2024-01-31,C02095,P0008,S014,3,0.05,Credit Card
O000101,2023-05-30,C07257,P0011,S012,1,0.0,UPI
O000102,2024-10-06,C00527,P0017,S022,1,0.0,Cash
O000103,2025-08-30,C06570,P0020,S024,1,0.0,Debit Card
O000104,2024-07-10,C04430,P0091,S015,2,0.2,Credit Card
O000105,2024-02-04,C05168,P0023,S006,3,0.0,Cash
O000106,2025-07-06,C06048,P0007,S010,2,0.1,Debit Card
O000107,2024-05-19,C04444,P0134,S004,2,0.0,UPI
O000108,2024-07-15,C06726,P0086,S023,1,0.15,Credit Card
O000109,2025-05-02,C07391,P0019,S019,3,0.0,UPI
O000110,2025-03-28,C06045,P0008,S004,1,0.1,UPI
O000111,2023-07-13,C03686,P0109,S010,1,0.05,Cash
O000112,2025-08-13,C06213,P0011,S005,3,0.0,Credit Card
O000113,2024-05-30,C05767,P0090,S008,1,0.2,Cash
O000114,2025-06-20,C03772,P0035,S011,3,0.0,UPI
O000115,2024-12-24,C05212,P0047,S018,1,0.1,Credit Card
O000116,2024-04-27,C02956,P0129,S016,1,0.05,Net Banking
O000117,2024-01-25,C01761,P0087,S023,1,,UPI
O000118,2024-06-06,C00246,P0063,S019,1,0.05,UPI
O000119,2025-12-18,C02526,P0099,S010,1,0.0,UPI
O000120,2025-07-20,C02036,P0150,S018,1,0.05,Debit Card
O000121,2024-12-11,C01073,P0062,S020,1,0.1,Credit Card
O000122,2025-07-18,C03320,P0043,S005,-1,0.0,Net Banking
O000123,2024-04-07,C06803,P0061,S010,3,0.05,Debit Card
O000124,2023-04-26,C06981,P0027,S014,1,0.0,UPI
O000125,2023-05-02,C00956,P0068,S023,3,0.0,UPI
O000126,2024-02-06,C02093,P0088,S006,4,0.15,UPI
O000127,2023-12-17,C06552,P0136,S018,1,0.0,UPI
O000128,2025-07-29,C00264,P0073,S009,1,0.1,Debit Card
O000129,2023-08-29,C06064,P0079,S007,1,0.1,Net Banking
O000130,2023-06-22,C00635,P0027,S015,1,0.1,UPI
O000131,2024-11-11,C03917,P0074,S006,2,0.0,Debit Card
O000132,2025-12-24,C05887,P0077,S006,3,0.1,UPI
O000133,2025-11-01,C00899,P0094,S003,1,0.0,UPI
O000134,2025-04-15,C02238,P0126,S021,2,0.0,Debit Card
O000135,2024-08-13,C01459,P0129,S015,1,0.05,Debit Card
O000136,2024-10-23,C01757,P0136,S016,1,0.1,Cash
O000137,2025-01-07,C01965,P0001,S002,1,0.0,UPI
O000138,2023-06-04,C06529,P0136,S008,3,0.05,Cash
O000139,2023-12-30,C07516,P0061,S002,1,0.05,Cash
O000140,2023-12-18,C02131,P0084,S024,1,0.0,UPI
O000141,2025-10-27,C00752,P0036,S009,1,0.0,Cash
O000142,2024-05-03,C06085,P0123,S018,2,0.05,Net Banking
O000143,2024-09-23,C01685,P0013,S021,1,0.0,Debit Card
O000144,2023-01-28,C03488,P0108,S024,2,0.05,UPI
O000145,2023-02-24,C03094,P0106,S008,2,0.0,Credit Card
O000146,2023-10-29,C06546,P0017,S017,3,0.1,Net Banking
O000147,2023-03-17,C03161,P0087,S001,1,0.1,Credit Card
O000148,2024-12-17,C04763,P0003,S004,1,0.0,UPI
O000149,2023-10-12,C05957,P0049,S003,1,0.0,Cash
O000150,2023-04-18,C01534,P0124,S006,2,0.1,Credit Card
O000151,2025-11-13,C07881,P0059,S021,1,0.0,UPI
O000152,2025-03-11,C07280,P0021,S009,2,0.1,Credit Card
O000153,2023-10-16,C03047,P0010,S015,2,0.05,Credit Card
O000154,2025-07-16,C04140,P0067,S006,1,0.0,Debit Card
O000155,2024-08-08,C00695,P0072,S009,1,0.15,UPI
O000156,2025-09-01,C01826,P0126,S006,1,0.1,Cash
O000157,2023-05-19,C05886,P0091,S019,1,0.2,Debit Card
O000158,2024-10-21,C06061,P0070,S015,4,0.15,Debit Card
O000159,2024-03-12,C07336,P0126,S023,2,0.1,UPI
O000160,2024-04-15,C00236,P0088,S011,1,0.2,Credit Card
O000161,2025-12-30,C06952,P0054,S013,1,0.0,Credit Card
O000162,2023-07-24,C00331,P0095,S019,1,0.0,Debit Card
O000163,2023-07-31,C02593,P0002,S025,1,0.0,Credit Card
O000164,2024-04-29,C02794,P0112,S024,1,0.0,Credit Card
O000165,2025-04-19,C05071,P0099,S014,2,0.1,Credit Card
O000166,2025-01-01,C02518,P0120,S013,1,0.05,UPI
O000167,2023-06-17,C06531,P0044,S003,1,0.1,UPI
O000168,2025-03-08,C01354,P0036,S013,1,0.0,Cash
O000169,2025-12-14,C00192,P0034,S009,1,0.0,UPI
O000170,2024-12-15,C06441,P0060,S011,1,0.0,UPI
O000171,2024-07-20,C05251,P0063,S016,2,0.1,UPI
O000172,2025-07-04,C05921,P0107,S022,4,0.0,Credit Card
O000173,2024-04-02,C03981,P0065,S018,3,0.0,Debit Card
O000174,2023-11-13,C02706,P0020,S006,1,0.0,Net Banking
O000175,2024-08-17,C03435,P0118,S019,3,0.0,UPI
O000176,2025-10-04,C06599,P0084,S025,1,0.05,Cash
O000177,2023-12-25,C05089,P0071,S019,2,0.15,UPI
O000178,2023-11-28,C01713,P0102,S016,1,0.1,Net Banking
O000179,2023-04-19,C01165,P0016,S008,2,0.0,UPI
O000180,2025-06-15,C00008,P0016,S018,1,0.0,UPI
O000181,2023-06-18,C07712,P0033,S010,1,0.1,Debit Card
O000182,2025-08-20,C07283,P0082,S008,3,0.2,UPI
O000183,2024-02-18,C05536,P0124,S013,2,0.0,UPI
O000184,2024-08-05,C03418,P0019,S010,1,0.05,Debit Card
O000185,2023-02-14,C02222,P0016,S017,1,0.0,UPI
O000186,2024-05-18,C01676,P0068,S014,1,0.2,Credit Card
O000187,2025-12-12,C04064,P0049,S015,1,0.0,Debit Card
O000188,2024-12-16,C04942,P0049,S022,1,0.1,UPI
O000189,2023-07-29,C05832,P0017,S016,1,0.05,UPI
O000190,2024-05-17,C01658,P0060,S002,1,0.0,UPI
O000191,2023-06-27,C04335,P0078,S008,1,0.15,UPI
O000192,2024-01-06,C05546,P0005,S021,2,0.0,UPI
O000193,2025-08-23,C07460,P0142,S018,1,,Debit Card
O000194,2023-05-17,C00258,P0149,S008,4,0.05,Debit Card
O000195,2025-04-26,C04086,P0118,S015,1,0.05,UPI
O000196,2025-07-23,C03093,P0080,S012,1,0.1,Credit Card
O000197,2023-04-30,C01705,P0065,S017,1,0.0,Cash
O000198,2024-05-27,C01656,P0092,S025,2,0.0,UPI
O000199,2023-04-14,C01145,P0098,S020,1,0.0,UPI
O000200,2024-04-26,C06739,P0013,S018,2,0.0,UPI
O000201,2024-05-25,C01545,P0022,S007,1,0.0,UPI
O000202,2025-12-01,C02580,P0087,S024,2,0.15,UPI
O000203,2025-02-10,C02052,P0005,S014,1,0.05,UPI
O000204,2025-06-20,C02306,P0028,S011,2,0.0,Debit Card
O000205,2024-08-31,C02505,P0130,S016,1,0.0,Net Banking
O000206,2025-05-10,C07858,P0074,S018,5,0.1,Debit Card
O000207,2025-07-17,C05712,P0149,S015,1,0.0,Credit Card
O000208,2023-04-20,C03579,P0146,S011,3,0.0,UPI
O000209,2023-03-10,C01292,P0059,S024,2,0.0,Credit Card
O000210,2024-02-27,C03719,P0119,S025,1,0.0,Credit Card
O000211,2024-06-25,C04348,P0144,S020,3,0.1,Debit Card
O000212,2024-09-06,C06801,P0092,S003,1,0.1,Debit Card
O000213,2023-05-18,C06137,P0150,S009,1,0.05,Debit Card
O000214,2024-08-23,C02446,P0111,S009,2,0.0,UPI
O000215,2023-01-13,C00248,P0067,S003,4,0.05,UPI
O000216,2023-11-16,C07177,P0135,S013,1,0.0,UPI
O000217,2025-10-08,C07296,P0003,S003,1,0.05,Debit Card
O000218,2024-12-10,C06263,P0012,S004,3,0.0,UPI
O000219,2023-03-31,C06133,P0059,S014,1,0.0,Cash
O000220,2023-09-20,C07435,P0129,S023,1,0.0,Debit Card
O000221,2025-08-03,C03962,P0009,S021,1,0.0,Debit Card
O000222,2025-05-17,C00352,P0064,S004,1,0.0,Debit Card
O000223,2023-01-26,C06116,P0125,S019,2,0.0,UPI
O000224,2024-07-03,C02868,P0124,S011,3,0.05,UPI
O000225,2024-01-02,C05879,P0129,S023,4,0.0,Cash
O000226,2025-03-29,C04014,P0129,S011,4,0.0,Debit Card
O000227,2025-05-16,C07433,P0101,S017,4,0.0,UPI
O000228,2025-08-16,C00900,P0084,S012,3,0.15,UPI
O000229,2025-05-12,C03397,P0144,S019,3,0.0,Credit Card
O000230,2025-05-11,C07654,P0062,S013,1,0.0,UPI
O000231,2025-01-28,C02569,P0031,S023,1,0.0,UPI
O000232,2024-11-15,C03403,P0049,S006,1,0.0,Net Banking
O000233,2025-11-12,C01218,P0096,S013,2,0.0,Credit Card
O000234,2023-06-16,C07773,P0038,S021,2,0.1,Credit Card
O000235,2024-09-30,C04572,P0100,S019,1,0.0,Credit Card
O000236,2025-11-05,C05141,P0105,S024,1,0.1,Credit Card
O000237,2024-04-04,C00479,P0089,S006,1,0.0,UPI
O000238,2024-02-24,C03185,P0147,S006,1,0.0,Cash
O000239,2023-06-10,C03457,P0065,S005,1,0.0,UPI
O000240,2024-07-30,C03321,P0003,S004,1,0.0,Net Banking
O000241,2023-07-05,C04675,P0129,S014,1,0.0,Cash
O000242,2025-01-13,C05467,P0089,S008,3,0.0,Credit Card
O000243,2023-11-04,C01424,P0050,S001,1,0.0,Credit Card
O000244,2024-02-27,C05253,P0091,S016,1,0.15,Debit Card
O000245,2024-08-15,C01362,P0134,S010,3,0.0,Debit Card
O000246,2023-01-18,C06866,P0010,S007,3,0.0,Credit Card
O000247,2023-02-07,C01786,P0033,S010,2,0.0,Debit Card
O000248,2024-09-15,C07086,P0098,S007,2,0.0,UPI
O000249,2024-04-14,C06448,P0088,S014,1,0.2,Credit Card
O000250,2023-11-06,C00106,P0063,S018,1,0.05,Cash
O000251,2024-11-05,C04142,P0106,S005,2,0.1,UPI
O000252,2023-05-12,C05818,P0027,S004,2,0.0,Credit Card
O000253,2023-06-10,C03823,P0125,S020,1,0.0,Debit Card
O000254,2025-05-18,C03154,P0101,S008,1,0.1,UPI
O000255,2023-12-25,C04155,P0019,S021,1,0.05,Net Banking
O000256,2024-10-30,C04764,P0132,S009,1,0.0,UPI
O000257,2025-10-03,C05007,P0013,S023,1,0.1,UPI
O000258,2023-03-05,C06821,P0058,S016,1,0.0,Debit Card
O000259,2024-02-10,C05459,P0028,S022,1,0.0,Debit Card
O000260,2023-09-16,C06926,P0115,S023,1,0.05,Cash
O000261,2024-12-02,C00389,P0064,S002,1,0.1,Credit Card
O000262,2023-05-07,C03737,P0018,S005,2,0.05,UPI
O000263,2024-08-04,C06957,P0075,S018,2,0.2,UPI
O000264,2025-10-31,C01950,P0130,S017,3,0.0,Cash
O000265,2023-06-01,C02688,P0031,S009,2,0.05,Credit Card
O000266,2024-07-03,C04706,P0023,S008,1,0.0,Credit Card
O000267,2024-12-21,C03609,P0106,S012,1,0.0,Net Banking
O000268,2025-03-03,C00890,P0146,S021,1,0.0,Debit Card
O000269,2023-02-18,C07286,P0034,S019,1,0.0,Credit Card
O000270,2024-08-30,C01555,P0066,S024,3,0.05,Credit Card
O000271,2025-04-18,C07074,P0102,S003,2,0.0,Cash
O000272,2025-06-13,C02812,P0088,S001,2,0.0,Debit Card
O000273,2023-07-05,C05714,P0095,S020,1,0.05,Debit Card
O000274,2025-11-21,C01537,P0037,S007,2,0.0,Net Banking
O000275,2024-01-21,C03143,P0004,S004,2,0.0,UPI
O000276,2025-07-30,C00252,P0107,S013,1,0.0,Debit Card
O000277,2025-04-19,C00282,P0136,S016,1,0.05,UPI
O000278,2023-10-14,C00239,P0058,S021,2,0.1,Net Banking
O000279,2023-07-25,C07730,P0018,S006,1,0.1,Credit Card
O000280,2025-03-22,C06984,P0123,S014,4,0.05,UPI
O000281,2023-02-05,C01634,P0114,S008,1,0.0,Credit Card
O000282,2025-02-07,C02963,P0108,S016,1,0.0,Credit Card
O000283,2023-01-06,C02847,P0104,S022,3,0.05,Cash
O000284,2024-02-01,C04825,P0105,S016,1,0.0,UPI
O000285,2025-07-11,C01649,P0063,S003,1,0.1,UPI
O000286,2024-11-30,C02217,P0109,S018,2,0.05,Debit Card
O000287,2024-05-08,C05888,P0013,S025,1,0.1,Credit Card
O000288,2023-09-13,C00477,P0042,S011,1,0.0,UPI
O000289,2023-12-27,C03461,P0108,S005,1,0.05,Debit Card
O000290,2023-04-10,C05624,P0009,S019,1,0.0,UPI
O000291,2023-07-05,C06387,P0076,S013,1,0.1,Credit Card
O000292,2025-08-14,C06297,P0004,S002,1,0.1,Debit Card
O000293,2023-03-13,C03693,P0054,S017,1,0.0,UPI
O000294,2025-06-22,C07518,P0060,S021,1,0.05,UPI
O000295,2025-04-03,C06171,P0147,S008,3,0.0,Credit Card
O000296,2024-07-19,C00858,P0054,S004,2,0.0,Net Banking
O000297,2025-02-13,C04079,P0018,S017,1,0.0,UPI
O000298,2023-01-28,C02869,P0076,S005,4,0.2,Debit Card
O000299,2023-12-25,C02937,P0018,S004,1,0.1,Debit Card
O000300,2024-02-07,C06191,P0091,S020,1,0.0,Credit Card
O000301,2023-12-07,C05422,P0148,S010,1,0.0,UPI
O000302,2025-07-07,C05091,P0010,S024,2,0.0,UPI
O000303,2025-07-05,C05566,P0108,S015,1,0.05,UPI
O000304,2025-03-04,C06811,P0043,S024,1,0.0,Cash
O000305,2023-05-26,C07326,P0052,S025,4,0.0,UPI
O000306,2024-03-11,C04622,P0121,S018,1,0.05,UPI
O000307,2024-02-03,C00175,P0136,S004,1,0.05,UPI
O000308,2024-02-23,C05191,P0115,S023,1,0.05,Debit Card
O000309,2024-05-11,C04177,P0043,S001,1,0.0,Net Banking
O000310,2023-06-13,C04514,P0084,S004,1,0.0,UPI
O000311,2025-08-20,C04173,P0107,S002,1,0.05,Credit Card
O000312,2025-07-15,C04042,P0019,S019,1,0.1,Credit Card
O000313,2023-10-04,C06253,P0009,S008,1,0.0,Credit Card
O000314,2025-06-28,C02619,P0113,S009,1,0.1,Debit Card
O000315,2024-01-16,C01952,P0004,S007,1,0.05,Credit Card
O000316,2025-12-21,C03950,P0029,S020,3,0.0,UPI
O000317,2025-08-24,C05427,P0045,S013,1,0.05,UPI
O000318,2025-04-09,C02309,P0148,S014,1,0.0,Debit Card
O000319,2023-07-14,C05689,P0080,S011,1,0.1,Debit Card
O000320,2024-12-28,C03633,P0077,S010,2,0.2,Credit Card
O000321,2024-10-23,C01143,P0108,S021,3,0.1,Credit Card
O000322,2023-04-10,C05794,P0029,S017,1,0.0,Debit Card
O000323,2023-07-30,C06709,P0029,S011,2,0.05,Cash
O000324,2024-04-20,C04452,P0089,S003,1,0.15,UPI
O000325,2025-05-11,C04051,P0010,S021,1,0.05,Debit Card
O000326,2025-12-25,C00076,P0140,S007,1,0.0,Net Banking
O000327,2024-04-02,C02124,P0112,S011,2,0.0,Debit Card
O000328,2024-10-17,C04171,P0110,S002,1,0.0,Debit Card
O000329,2024-12-05,C03087,P0052,S023,1,,Debit Card
O000330,2023-11-05,C02001,P0077,S020,4,0.1,UPI
O000331,2024-10-19,C03704,P0014,S011,1,0.0,Debit Card
O000332,2025-12-22,C07689,P0035,S013,1,0.1,UPI
O000333,2024-02-19,C06588,P0043,S009,5,0.0,Credit Card
O000334,2025-02-12,C00902,P0135,S024,2,0.0,Debit Card
O000335,2025-11-13,C07449,P0097,S019,4,0.0,Credit Card
O000336,2024-01-04,C07805,P0056,S021,1,0.0,Debit Card
O000337,2024-12-06,C05337,P0072,S016,2,0.15,Debit Card
O000338,2024-01-15,C03386,P0135,S004,2,0.0,Cash
O000339,2023-11-14,C01466,P0147,S009,1,0.0,Net Banking
O000340,2024-04-01,C01143,P0131,S025,2,0.05,UPI
O000341,2024-05-07,C05614,P0149,S009,3,0.0,Cash
O000342,2025-01-08,C02250,P0088,S012,1,0.2,Credit Card
O000343,2024-10-13,C04414,P0136,S008,1,0.0,UPI
O000344,2024-04-20,C02844,P0103,S008,1,0.0,Credit Card
O000345,2025-06-01,C03890,P0049,S011,2,0.1,UPI
O000346,2025-07-03,C04748,P0140,S013,1,0.0,Credit Card
O000347,2025-10-28,C04786,P0112,S021,1,0.0,UPI
O000348,2025-01-20,C00489,P0135,S014,1,0.1,Credit Card
O000349,2024-10-04,C03162,P0075,S021,1,0.15,UPI
O000350,2025-12-08,C06751,P0138,S006,1,0.1,UPI
O000351,2025-01-10,C04460,P0113,S006,1,0.0,UPI
O000352,2024-03-13,C03219,P0054,S003,1,0.0,UPI
O000353,2024-08-24,C03174,P0011,S004,1,0.05,Net Banking
O000354,2023-11-08,C04212,P0004,S008,4,0.05,UPI
O000355,2023-04-11,C04224,P0073,S022,1,0.2,UPI
O000356,2023-07-04,C03549,P0062,S009,3,0.0,Cash
O000357,2023-03-12,C01874,P0025,S002,2,0.0,UPI
O000358,2024-04-26,C06297,P0097,S014,1,0.0,Credit Card
O000359,2025-01-13,C06858,P0082,S010,1,0.0,Credit Card
O000360,2024-11-09,C03717,P0097,S005,1,0.1,UPI
O000361,2023-08-02,C05193,P0001,S017,1,0.05,UPI
O000362,2025-02-22,C05990,P0107,S024,1,0.0,UPI
O000363,2025-03-08,C07300,P0002,S010,1,0.0,Debit Card
O000364,2025-06-24,C02146,P0086,S007,1,0.2,UPI
O000365,2025-02-16,C07301,P0035,S010,1,0.0,Credit Card
O000366,2025-10-03,C04471,P0140,S010,1,0.05,Cash
O000367,2024-03-28,C06950,P0038,S003,1,0.0,Cash
O000368,2024-07-14,C01253,P0055,S025,1,0.0,UPI
O000369,2024-06-04,C06940,P0004,S015,1,0.0,Debit Card
O000370,2023-02-01,C05629,P0119,S025,1,0.1,UPI
O000371,2023-12-12,C01998,P0007,S012,2,0.0,Cash
O000372,2025-06-07,C03642,P0025,S009,1,0.0,Net Banking
O000373,2024-02-12,C06359,P0032,S016,2,0.0,Credit Card
O000374,2024-10-10,C02924,P0066,S024,3,0.0,Credit Card
O000375,2023-12-06,C02398,P0149,S006,1,0.0,Credit Card
O000376,2023-05-28,C02921,P0047,S002,1,0.0,UPI
O000377,2025-06-21,C07152,P0101,S018,1,0.0,Credit Card
O000378,2025-05-30,C01362,P0086,S002,3,,Credit Card
O000379,2024-04-11,C05837,P0035,S009,2,0.1,UPI
O000380,2024-08-27,C01955,P0014,S008,3,0.0,UPI
O000381,2023-12-11,C03985,P0065,S020,1,0.0,Debit Card
O000382,2024-05-05,C04597,P0059,S017,4,0.0,UPI
O000383,2024-04-20,C03948,P0101,S012,1,0.1,Credit Card
O000384,2024-06-28,C01265,P0144,S025,1,0.1,UPI
O000385,2024-04-05,C00216,P0134,S014,2,0.0,UPI
O000386,2025-04-22,C05369,P0063,S005,2,0.0,Credit Card
O000387,2023-02-11,C02726,P0015,S025,3,0.1,Cash
O000388,2023-08-05,C02741,P0150,S001,3,0.0,Credit Card
O000389,2024-03-08,C03823,P0125,S006,1,0.1,UPI
O000390,2024-06-02,C02367,P0066,S016,2,0.0,Credit Card
O000391,2023-05-27,C03864,P0032,S016,4,0.0,UPI
O000392,2024-06-08,C02921,P0101,S017,2,0.1,Debit Card
O000393,2025-12-21,C03246,P0085,S022,4,0.05,Credit Card
O000394,2024-07-23,C04906,P0097,S013,1,0.0,Credit Card
O000395,2024-03-24,C03226,P0097,S024,1,0.0,Cash
O000396,2025-08-20,C02158,P0027,S005,1,0.0,Credit Card
O000397,2024-01-31,C03575,P0133,S020,1,0.0,UPI
O000398,2023-09-29,C06476,P0137,S022,4,0.0,UPI
O000399,2024-03-18,C04759,P0064,S025,1,0.05,UPI
O000400,2025-03-21,C04979,P0085,S016,4,0.1,UPI
O000401,2025-05-31,C03431,P0144,S010,4,0.0,UPI
O000402,2023-07-22,C03501,P0051,S013,1,0.0,Credit Card
O000403,2023-11-03,C02144,P0142,S003,1,0.0,Credit Card
O000404,2024-07-02,C01284,P0132,S008,2,0.0,UPI
O000405,2025-01-02,C01969,P0094,S005,2,0.15,UPI
O000406,2024-12-09,C01542,P0047,S020,3,0.05,Cash
O000407,2024-08-17,C05774,P0008,S003,1,0.1,Cash
O000408,2025-09-28,C06847,P0078,S015,4,0.1,Debit Card
O000409,2024-02-18,C05505,P0116,S015,1,0.1,Net Banking
O000410,2023-03-23,C04718,P0107,S015,1,0.1,UPI
O000411,2025-03-08,C07047,P0087,S019,1,0.15,UPI
O000412,2025-02-27,C00771,P0009,S022,1,0.0,UPI
O000413,2025-08-20,C01685,P0103,S018,3,0.1,UPI
O000414,2023-04-15,C04251,P0006,S010,3,0.05,Net Banking
O000415,2024-10-04,C03517,P0072,S007,1,0.05,Cash
O000416,2025-10-26,C05409,P0130,S015,2,0.0,Debit Card
O000417,2025-05-19,C07807,P0148,S019,1,0.0,Credit Card
O000418,2024-01-06,C01898,P0106,S008,1,0.0,UPI
O000419,2024-06-24,C04408,P0085,S015,5,0.15,Credit Card
O000420,2023-08-15,C07708,P0038,S013,1,0.05,Debit Card
O000421,2023-05-17,C04533,P0037,S025,2,0.0,UPI
O000422,2025-10-01,C06211,P0144,S020,2,0.1,Credit Card
O000423,2023-12-04,C02116,P0148,S022,2,0.1,Cash
O000424,2023-02-22,C05228,P0136,S010,1,0.0,Debit Card
O000425,2024-11-16,C07174,P0095,S007,1,0.0,UPI
O000426,2024-07-23,C01758,P0117,S014,1,0.1,UPI
O000427,2025-04-06,C07954,P0127,S001,1,0.0,Credit Card
O000428,2024-06-07,C02092,P0141,S023,4,0.0,UPI
O000429,2024-09-17,C00019,P0002,S002,2,0.0,UPI
O000430,2025-06-29,C03028,P0106,S002,1,0.0,UPI
O000431,2025-05-15,C02559,P0011,S015,2,0.1,Credit Card
O000432,2025-04-21,C04294,P0042,S006,2,0.1,Debit Card
O000433,2024-11-07,C06138,P0079,S005,1,0.05,Debit Card
O000434,2024-06-13,C04823,P0125,S019,3,0.1,UPI
O000435,2025-02-06,C00942,P0123,S023,1,0.05,Credit Card
O000436,2024-10-20,C02260,P0115,S024,4,0.1,Cash
O000437,2025-08-03,C06852,P0144,S023,4,0.0,Net Banking
O000438,2025-09-18,C07453,P0018,S002,3,0.0,UPI
O000439,2023-10-20,C02905,P0015,S014,2,0.05,Credit Card
O000440,2024-10-25,C01598,P0103,S001,2,0.0,Credit Card
O000441,2024-04-04,C05740,P0006,S009,1,0.0,UPI
O000442,2023-05-01,C00383,P0076,S004,1,0.0,Credit Card
O000443,2025-03-23,C06937,P0127,S015,1,0.05,Debit Card
O000444,2023-01-02,C03587,P0029,S005,3,0.1,Net Banking
O000445,2025-08-17,C00841,P0113,S014,1,0.0,UPI
O000446,2024-08-28,C01462,P0118,S006,2,0.1,Cash
O000447,2024-08-25,C01726,P0132,S018,2,0.05,Cash
O000448,2025-04-13,C03784,P0102,S005,4,0.0,Cash
O000449,2025-06-16,C00284,P0037,S024,1,0.0,Net Banking
O000450,2025-03-22,C05246,P0060,S019,1,0.1,UPI
O000451,2025-05-12,C02235,P0124,S005,1,0.0,Cash
O000452,2025-02-25,C06611,P0120,S017,1,0.0,Debit Card
O000453,2025-06-11,C05082,P0006,S013,2,0.0,UPI
O000454,2024-12-19,C00269,P0048,S013,3,0.0,UPI
O000455,2025-08-23,C01855,P0024,S005,1,0.0,Cash
O000456,2025-06-03,C03145,P0113,S014,1,0.0,UPI
O000457,2023-01-09,C02657,P0060,S024,2,0.0,UPI
O000458,2023-08-22,C05666,P0106,S019,1,0.0,UPI
O000459,2023-12-08,C07742,P0129,S024,1,0.0,Credit Card
O000460,2023-01-25,C02996,P0142,S003,1,0.1,UPI
O000461,2024-11-12,C03712,P0058,S006,1,0.05,Debit Card
O000462,2025-06-27,C07023,P0143,S025,4,0.1,UPI
O000463,2024-12-31,C02722,P0096,S005,1,0.0,UPI
O000464,2025-06-21,C00092,P0090,S022,1,0.15,UPI
O000465,2023-11-17,C05103,P0096,S002,2,0.1,Credit Card
O000466,2024-06-30,C02370,P0024,S005,2,0.0,Net Banking
O000467,2025-06-07,C05373,P0045,S011,2,0.1,UPI
O000468,2025-03-28,C02020,P0081,S014,1,0.15,Debit Card
O000469,2024-11-16,C05452,P0089,S003,1,0.15,Cash
O000470,2025-07-03,C05692,P0093,S003,3,0.05,Credit Card
O000471,2025-12-02,C02052,P0086,S007,1,0.05,Credit Card
O000472,2024-02-10,C02189,P0065,S011,1,0.0,Debit Card
O000473,2025-10-05,C03467,P0041,S004,1,0.0,Credit Card
O000474,2023-07-02,C03250,P0071,S022,1,0.1,UPI
O000475,2025-06-02,C06309,P0086,S008,1,0.05,UPI
O000476,2024-06-19,C07397,P0116,S002,2,0.1,UPI
O000477,2023-01-05,C00879,P0070,S017,2,0.05,Credit Card
O000478,2025-06-25,C00593,P0143,S018,1,0.1,Credit Card
O000479,2024-05-29,C02018,P0115,S025,2,0.0,Credit Card
O000480,2023-09-02,C06632,P0035,S013,1,0.05,Debit Card
O000481,2024-05-26,C00068,P0004,S017,3,0.0,Credit Card
O000482,2023-01-25,C02701,P0131,S002,1,0.0,UPI
O000483,2024-03-19,C02316,P0007,S011,5,0.1,Cash
O000484,2023-08-19,C05693,P0013,S011,1,0.0,UPI
O000485,2025-11-27,C05904,P0111,S019,2,0.0,Net Banking
O000486,2024-04-28,C00562,P0025,S014,2,0.1,UPI
O000487,2023-02-15,C07289,P0036,S021,1,0.0,Cash
O000488,2025-07-06,C06795,P0109,S025,1,0.1,UPI
O000489,2024-12-11,C04637,P0135,S007,1,0.0,UPI
O000490,2024-07-01,C05095,P0131,S018,2,0.0,Credit Card
O000491,2024-10-19,C04906,P0020,S006,1,0.1,UPI
O000492,2024-05-16,C01836,P0021,S024,3,0.05,UPI
O000493,2024-12-25,C04059,P0031,S025,1,0.0,Credit Card
O000494,2025-11-15,C05176,P0025,S007,1,0.1,Debit Card
O000495,2023-04-28,C02484,P0061,S017,2,0.05,UPI
O000496,2023-07-25,C03260,P0070,S012,1,0.15,UPI
O000497,2024-10-23,C01557,P0034,S025,1,0.0,UPI
O000498,2023-10-30,C02222,P0142,S016,1,0.0,Cash
O000499,2025-04-26,C00809,P0056,S022,3,0.0,Cash
O000500,2025-01-13,C04015,P0065,S011,1,0.0,Credit Card
O000501,2023-01-28,C05635,P0083,S017,1,0.05,UPI
O000502,2023-03-16,C04245,P0057,S012,1,0.0,Cash
O000503,2025-08-28,C04219,P0136,S012,2,0.1,UPI
O000504,2023-12-19,C00125,P0111,S020,1,0.05,Credit Card
O000505,2023-12-31,C03035,P0107,S005,4,0.05,Debit Card
O000506,2023-10-12,C01967,P0107,S018,1,0.0,Credit Card
O000507,2024-04-17,C07421,P0066,S004,1,0.1,Debit Card
O000508,2024-12-06,C07908,P0087,S021,5,0.2,Cash
O000509,2023-03-09,C01319,P0035,S017,1,0.05,Credit Card
O000510,2023-02-24,C03445,P0034,S019,1,0.0,UPI
O000511,2025-03-02,C05412,P0147,S010,1,0.0,Debit Card
O000512,2024-03-13,C02274,P0025,S021,1,0.0,Debit Card
O000513,2023-03-04,C06087,P0056,S006,4,0.0,Cash
O000514,2025-06-02,C06865,P0110,S015,3,0.0,Cash
O000515,2025-05-14,C05241,P0125,S024,1,0.05,Debit Card
O000516,2023-10-06,C06154,P0014,S023,4,0.0,Debit Card
O000517,2023-05-06,C02419,P0001,S018,1,0.0,UPI
O000518,2025-08-17,C06932,P0143,S006,1,0.0,Debit Card
O000519,2025-07-04,C03841,P0122,S020,2,0.0,UPI
O000520,2024-08-01,C01168,P0035,S011,1,0.0,Net Banking
O000521,2023-09-23,C01098,P0068,S005,1,0.15,Credit Card
O000522,2024-01-07,C03736,P0117,S009,1,0.0,UPI
O000523,2023-08-07,C05394,P0134,S017,3,0.0,UPI
O000524,2024-07-31,C04312,P0080,S014,5,0.05,Debit Card
O000525,2024-01-24,C04352,P0059,S019,3,0.1,Credit Card
O000526,2025-11-01,C07154,P0077,S006,3,0.0,Debit Card
O000527,2024-08-07,C03786,P0085,S023,2,0.2,Debit Card
O000528,2024-05-20,C03019,P0129,S020,1,0.05,UPI
O000529,2025-02-24,C04721,P0063,S022,2,0.1,UPI
O000530,2023-09-25,C05286,P0014,S005,5,0.0,UPI
O000531,2023-06-16,C06982,P0108,S023,2,0.05,Credit Card
O000532,2024-08-16,C03372,P0114,S021,1,0.0,Credit Card
O000533,2025-11-24,C06451,P0112,S007,2,0.0,Cash
O000534,2024-10-28,C05066,P0075,S025,2,0.2,UPI
O000535,2023-05-13,C00941,P0144,S011,2,0.0,UPI
O000536,2024-11-11,C07875,P0014,S003,2,0.05,UPI
O000537,2025-09-25,C04678,P0109,S005,1,0.0,Credit Card
O000538,2025-02-15,C07237,P0091,S010,2,0.2,Net Banking
O000539,2025-10-07,C05563,P0119,S019,1,0.05,Credit Card
O000540,2023-11-11,C06637,P0035,S001,1,0.0,UPI
O000541,2023-03-03,C00799,P0066,S006,1,0.05,Debit Card
O000542,2023-04-29,C03237,P0047,S011,1,0.05,UPI
O000543,2024-11-27,C00883,P0065,S019,2,0.0,Credit Card
O000544,2025-03-25,C03648,P0026,S021,2,0.0,Debit Card
O000545,2023-01-17,C00013,P0068,S021,4,0.2,Debit Card
O000546,2024-01-11,C02236,P0041,S022,1,0.0,Cash
O000547,2025-03-18,C03470,P0090,S023,2,0.2,UPI
O000548,2025-11-23,C01626,P0012,S012,1,0.0,Credit Card
O000549,2023-11-15,C06087,P0085,S003,1,0.05,Cash
O000550,2024-06-08,C01685,P0061,S011,1,0.05,Credit Card
O000551,2025-07-05,C05570,P0124,S016,1,0.0,Cash
O000552,2023-09-24,C03179,P0086,S018,3,0.1,UPI
O000553,2023-05-23,C00075,P0077,S023,2,0.15,Credit Card
O000554,2024-06-09,C00009,P0121,S016,1,0.0,Cash
O000555,2023-03-03,C07829,P0106,S003,4,0.1,Credit Card
O000556,2025-09-12,C06901,P0068,S013,1,0.15,Credit Card
O000557,2025-10-15,C06821,P0070,S016,1,0.0,Credit Card
O000558,2023-12-15,C02375,P0059,S012,1,0.1,Debit Card
O000559,2024-05-16,C06412,P0013,S007,-1,0.0,UPI
O000560,2025-01-31,C05859,P0037,S012,1,0.05,Debit Card
O000561,2025-02-16,C04011,P0053,S011,2,0.05,Net Banking
O000562,2023-07-11,C06113,P0015,S022,1,0.1,Debit Card
O000563,2024-09-01,C06650,P0119,S013,1,0.05,Debit Card
O000564,2023-05-28,C01503,P0097,S003,1,0.1,UPI
O000565,2025-04-09,C05491,P0061,S004,2,0.05,UPI
O000566,2025-06-22,C02735,P0101,S023,1,0.0,Credit Card
O000567,2023-03-20,C04777,P0082,S003,2,0.1,UPI
O000568,2025-04-01,C01784,P0005,S002,2,0.0,UPI
O000569,2023-08-30,C06493,P0014,S012,2,0.05,UPI
O000570,2025-07-01,C04182,P0119,S024,4,0.0,Cash
O000571,2025-10-23,C00886,P0024,S007,2,0.0,Debit Card
O000572,2024-02-05,C07157,P0122,S024,2,0.0,Credit Card
O000573,2025-01-17,C07627,P0041,S016,4,0.0,Debit Card
O000574,2024-10-11,C04758,P0140,S013,1,0.05,Debit Card
O000575,2024-11-16,C02954,P0077,S017,2,0.0,Credit Card
O000576,2024-01-09,C05681,P0099,S020,2,0.0,UPI
O000577,2024-01-10,C07979,P0123,S001,1,0.0,Credit Card
O000578,2024-03-20,C06357,P0027,S007,5,0.05,Credit Card
O000579,2024-02-04,C03859,P0068,S014,1,0.0,UPI
O000580,2024-08-11,C00621,P0093,S016,1,0.05,Debit Card
O000581,2023-05-19,C04312,P0069,S006,2,0.1,UPI
O000582,2024-12-24,C06525,P0106,S025,1,0.05,Debit Card
O000583,2025-01-16,C02753,P0143,S020,1,0.0,Debit Card
O000584,2025-01-10,C07233,P0034,S023,1,0.1,Credit Card
O000585,2023-02-22,C07124,P0112,S007,1,0.0,Debit Card
O000586,2023-12-30,C04984,P0058,S008,1,0.0,Credit Card
O000587,2025-06-17,C04319,P0128,S004,1,0.0,UPI
O000588,2025-04-19,C02461,P0125,S006,1,0.0,Cash
O000589,2025-10-18,C02180,P0106,S009,2,0.0,UPI
O000590,2023-11-06,C07348,P0134,S008,1,0.0,Net Banking
O000591,2023-09-09,C04511,P0091,S024,2,0.2,Credit Card
O000592,2025-09-10,C02590,P0104,S024,1,0.0,Debit Card
O000593,2024-11-24,C04448,P0029,S021,1,0.1,UPI
O000594,2023-01-04,C04605,P0143,S022,3,0.05,Credit Card
O000595,2024-06-16,C02078,P0128,S014,1,0.0,Credit Card
O000596,2025-05-24,C03088,P0050,S013,2,0.0,UPI
O000597,2024-11-07,C01985,P0057,S008,1,0.05,Credit Card
O000598,2025-04-16,C07980,P0059,S007,4,0.1,Cash
O000599,2023-10-30,C01280,P0111,S006,1,0.1,Net Banking
O000600,2024-12-07,C00005,P0047,S007,1,0.0,Credit Card
O000601,2025-10-18,C02007,P0074,S011,1,0.05,UPI
O000602,2024-08-16,C00072,P0082,S021,1,0.15,UPI
O000603,2025-05-03,C00217,P0123,S021,2,0.0,Credit Card
O000604,2024-07-06,C02912,P0125,S015,1,0.05,UPI
O000605,2025-12-26,C06153,P0082,S019,1,0.2,UPI
O000606,2024-09-02,C03971,P0060,S013,1,0.0,Credit Card
O000607,2025-12-18,C04319,P0090,S017,1,0.1,Credit Card
O000608,2024-12-10,C07399,P0093,S015,1,0.0,Debit Card
O000609,2024-06-02,C07858,P0068,S009,4,0.2,Net Banking
O000610,2023-05-13,C07527,P0112,S008,3,0.0,UPI
O000611,2025-09-07,C02056,P0123,S016,1,0.0,Credit Card
O000612,2023-11-20,C00651,P0037,S008,1,0.1,Credit Card
O000613,2025-01-26,C03142,P0019,S020,1,0.1,Debit Card
O000614,2025-11-29,C03843,P0086,S012,1,0.2,Cash
O000615,2024-03-28,C01040,P0048,S020,1,0.0,Cash
O000616,2024-10-24,C04827,P0004,S011,1,0.0,Credit Card
O000617,2025-02-16,C02639,P0141,S012,1,0.0,Debit Card
O000618,2023-05-18,C04683,P0058,S009,1,0.0,UPI
O000619,2023-09-15,C07043,P0121,S004,5,0.0,Credit Card
O000620,2024-05-20,C07682,P0015,S025,4,0.05,UPI
O000621,2024-02-19,C03047,P0050,S023,1,0.05,UPI
O000622,2023-02-11,C04673,P0102,S006,1,0.0,Credit Card
O000623,2023-01-01,C04304,P0126,S018,1,0.0,Debit Card
O000624,2025-10-29,C05339,P0142,S005,2,0.05,Net Banking
O000625,2025-08-10,C06980,P0109,S008,1,0.05,Credit Card
O000626,2025-11-21,C05938,P0064,S014,3,0.05,UPI
O000627,2025-10-20,C05385,P0146,S016,1,0.0,Net Banking
O000628,2023-01-23,C06480,P0015,S022,2,0.0,Net Banking
O000629,2023-04-05,C03635,P0036,S020,1,0.1,Cash
O000630,2023-02-25,C05622,P0021,S001,4,0.1,UPI
O000631,2024-01-08,C05651,P0038,S013,1,0.05,Credit Card
O000632,2024-12-08,C02373,P0099,S008,1,0.1,UPI
O000633,2023-06-10,C06045,P0090,S014,1,0.0,Credit Card
O000634,2024-10-16,C01666,P0150,S018,3,0.05,UPI
O000635,2024-10-08,C04536,P0024,S023,3,0.1,Credit Card
O000636,2023-03-12,C04146,P0129,S010,1,0.0,Debit Card
O000637,2024-02-15,C05659,P0141,S001,1,0.05,UPI
O000638,2025-09-04,C01163,P0112,S017,1,0.1,Net Banking
O000639,2023-03-10,C06304,P0117,S024,-2,0.0,UPI
O000640,2024-01-24,C06981,P0012,S014,2,0.05,UPI
O000641,2023-09-21,C04381,P0028,S011,1,0.0,Credit Card
O000642,2023-02-27,C06783,P0047,S016,3,0.1,Net Banking
O000643,2024-04-04,C03685,P0146,S018,2,0.0,UPI
O000644,2023-12-16,C02541,P0022,S008,1,0.05,UPI
O000645,2025-05-22,C05641,P0050,S019,1,0.1,UPI
O000646,2024-03-17,C00274,P0105,S018,1,,UPI
O000647,2025-05-20,C06377,P0133,S004,1,0.0,UPI
O000648,2025-03-19,C03487,P0087,S022,1,0.15,Credit Card
O000649,2025-01-30,C07652,P0090,S019,1,0.05,Debit Card
O000650,2024-10-31,C02381,P0026,S001,1,0.05,Credit Card
O000651,2023-09-25,C02899,P0004,S010,1,0.0,Debit Card
O000652,2025-12-27,C05333,P0129,S018,1,0.1,Cash
O000653,2024-10-28,C04331,P0115,S005,1,0.05,Credit Card
O000654,2025-01-06,C06425,P0121,S021,1,0.1,UPI
O000655,2024-08-13,C07711,P0030,S001,2,0.0,UPI
O000656,2025-08-14,C06023,P0078,S019,1,0.15,UPI
O000657,2025-12-07,C05498,P0031,S014,2,0.0,UPI
O000658,2025-01-21,C05159,P0098,S014,1,0.0,UPI
O000659,2024-07-18,C03609,P0092,S002,1,0.1,UPI
O000660,2024-09-08,C00278,P0142,S019,1,0.05,UPI
O000661,2023-03-18,C07593,P0099,S010,2,0.0,Debit Card
O000662,2024-11-11,C03581,P0090,S024,2,0.2,Net Banking
O000663,2024-04-06,C06460,P0101,S007,2,0.05,UPI
O000664,2023-10-14,C07134,P0043,S010,1,0.1,Cash
O000665,2023-07-19,C03970,P0010,S017,2,0.0,UPI
O000666,2024-08-30,C07137,P0048,S009,1,0.1,Debit Card
O000667,2025-04-13,C03289,P0064,S022,2,0.0,Debit Card
O000668,2024-06-16,C02925,P0055,S019,3,0.1,UPI
O000669,2025-05-04,C04062,P0043,S011,1,0.0,Debit Card
O000670,2025-02-10,C00897,P0113,S002,2,0.1,Net Banking
O000671,2024-03-07,C00603,P0128,S001,4,0.1,Net Banking
O000672,2025-03-26,C07944,P0105,S018,3,0.0,UPI
O000673,2023-02-06,C01883,P0140,S010,1,0.0,Debit Card
O000674,2023-07-16,C02989,P0014,S004,1,0.0,UPI
O000675,2025-04-17,C03155,P0040,S012,1,0.0,UPI
O000676,2024-12-16,C01795,P0108,S004,1,0.05,Credit Card
O000677,2025-07-15,C03234,P0045,S025,3,0.1,UPI
O000678,2025-10-17,C06487,P0150,S010,1,0.0,UPI
O000679,2023-05-03,C05169,P0145,S021,1,0.05,UPI
O000680,2024-04-19,C05342,P0057,S003,2,0.05,UPI
O000681,2025-05-18,C00302,P0072,S006,1,0.0,UPI
O000682,2024-06-01,C03669,P0023,S014,1,0.0,UPI
O000683,2023-08-03,C03031,P0048,S014,1,0.0,Debit Card
O000684,2025-10-21,C06061,P0037,S020,3,0.05,Debit Card
O000685,2024-08-08,C05968,P0095,S009,1,0.1,Debit Card
O000686,2023-08-23,C06843,P0057,S024,3,0.1,UPI
O000687,2025-11-02,C03974,P0110,S005,1,0.0,Cash
O000688,2024-01-29,C03640,P0064,S020,1,0.0,Debit Card
O000689,2024-10-01,C07365,P0045,S016,2,0.0,Debit Card
O000690,2025-09-22,C02305,P0031,S010,1,0.0,UPI
O000691,2023-12-15,C03567,P0032,S007,1,0.0,UPI
O000692,2024-12-24,C02798,P0099,S003,2,0.0,Cash
O000693,2025-05-31,C05898,P0040,S003,1,0.0,Net Banking
O000694,2025-01-07,C02824,P0019,S001,2,0.0,UPI
O000695,2023-09-29,C07134,P0093,S025,1,0.15,UPI
O000696,2025-01-23,C03293,P0139,S017,2,0.1,Cash
O000697,2025-12-12,C07559,P0045,S023,1,0.0,Credit Card
O000698,2023-11-06,C03206,P0049,S007,1,0.0,Debit Card
O000699,2024-03-09,C04004,P0136,S004,2,0.0,UPI
O000700,2025-08-20,C01298,P0116,S008,1,0.05,UPI
O000701,2025-07-04,C07503,P0110,S015,1,0.1,UPI
O000702,2025-11-03,C06501,P0131,S004,2,0.0,Debit Card
O000703,2025-07-03,C05245,P0118,S025,1,,Net Banking
O000704,2024-08-15,C02200,P0050,S003,1,0.05,UPI
O000705,2025-10-10,C01287,P0104,S014,1,0.1,Net Banking
O000706,2023-01-10,C07454,P0085,S008,1,0.15,Cash
O000707,2025-10-23,C01715,P0048,S002,1,0.05,UPI
O000708,2024-02-27,C07163,P0028,S016,1,0.0,UPI
O000709,2024-09-11,C00338,P0054,S018,2,0.0,UPI
O000710,2023-07-28,C05360,P0082,S022,4,0.0,Credit Card
O000711,2023-08-04,C03261,P0104,S009,1,0.0,UPI
O000712,2025-05-17,C01108,P0138,S002,3,0.1,UPI
O000713,2025-12-18,C06854,P0094,S007,1,0.1,UPI
O000714,2024-05-08,C04616,P0124,S018,3,0.0,Credit Card
O000715,2024-06-16,C06629,P0023,S011,2,0.0,UPI
O000716,2025-02-12,C06348,P0110,S001,1,0.0,UPI
O000717,2025-02-17,C02894,P0016,S010,1,0.0,Credit Card
O000718,2023-12-24,C06634,P0037,S010,3,0.05,Credit Card
O000719,2023-09-27,C01185,P0087,S004,2,0.2,Net Banking
O000720,2023-10-27,C07118,P0110,S021,1,0.0,UPI
O000721,2025-05-01,C01028,P0017,S002,1,0.0,UPI
O000722,2025-09-10,C06917,P0149,S016,4,0.0,UPI
O000723,2025-12-08,C00527,P0010,S019,5,0.05,Debit Card
O000724,2024-01-12,C07105,P0109,S017,1,0.0,UPI
O000725,2025-12-28,C01757,P0108,S018,1,0.05,Credit Card
O000726,2023-12-02,C00932,P0075,S002,1,0.05,Credit Card
O000727,2024-02-06,C00442,P0135,S022,4,0.0,Net Banking
O000728,2024-02-09,C04740,P0005,S007,2,0.1,Cash
O000729,2023-11-14,C00215,P0014,S011,3,0.05,UPI
O000730,2023-03-23,C03952,P0002,S021,1,0.0,Credit Card
O000731,2025-11-17,C06762,P0084,S021,1,0.2,Debit Card
O000732,2025-12-20,C05047,P0044,S003,1,0.05,UPI
O000733,2023-08-29,C07289,P0085,S006,1,0.05,UPI
O000734,2025-07-17,C05494,P0045,S025,1,0.0,UPI
O000735,2024-05-24,C04512,P0076,S016,2,0.1,UPI
O000736,2023-06-24,C04145,P0138,S013,2,0.0,Credit Card
O000737,2025-07-19,C04474,P0014,S002,1,0.1,UPI
O000738,2024-07-06,C06173,P0110,S007,1,0.1,Cash
O000739,2024-05-10,C03917,P0090,S012,4,0.1,Debit Card
O000740,2024-07-27,C06813,P0087,S018,1,0.15,UPI
O000741,2023-01-28,C07164,P0128,S024,1,0.0,Credit Card
O000742,2023-04-22,C05995,P0049,S004,1,0.0,UPI
O000743,2023-06-09,C06502,P0059,S025,1,0.1,Debit Card
O000744,2023-01-05,C02317,P0050,S007,1,0.0,Debit Card
O000745,2025-05-11,C02168,P0005,S004,1,0.0,Credit Card
O000746,2023-07-05,C07264,P0052,S007,1,0.0,Cash
O000747,2025-06-09,C01363,P0045,S013,1,0.1,UPI
O000748,2025-03-05,C06089,P0071,S005,2,0.15,Cash
O000749,2024-04-09,C01894,P0030,S013,1,0.0,Cash
O000750,2023-11-16,C01559,P0027,S001,1,0.0,Debit Card
O000751,2023-09-05,C04933,P0150,S010,1,0.0,UPI
O000752,2023-08-14,C04946,P0147,S012,1,0.0,Credit Card
O000753,2023-01-24,C00047,P0086,S014,2,0.05,Debit Card
O000754,2023-11-19,C06575,P0107,S008,1,0.0,UPI
O000755,2025-06-04,C01955,P0093,S006,1,0.05,Debit Card
O000756,2023-02-27,C01230,P0048,S017,2,0.05,Credit Card
O000757,2023-07-20,C00446,P0102,S014,1,0.05,UPI
O000758,2024-08-26,C04761,P0043,S007,1,0.05,Credit Card
O000759,2024-08-11,C00665,P0078,S019,1,0.15,UPI
O000760,2024-11-21,C01570,P0039,S005,2,0.1,Net Banking
O000761,2025-10-07,C05687,P0090,S006,1,0.0,UPI
O000762,2025-08-09,C07733,P0134,S020,2,0.1,Credit Card
O000763,2023-08-25,C03286,P0142,S008,1,0.0,UPI
O000764,2023-08-21,C00767,P0018,S009,1,0.0,UPI
O000765,2024-08-22,C05749,P0129,S010,5,0.0,Net Banking
O000766,2025-06-19,C01777,P0020,S022,4,0.05,UPI
O000767,2025-08-20,C07338,P0068,S003,2,0.0,Debit Card
O000768,2025-04-03,C04892,P0083,S010,3,0.1,Debit Card
O000769,2024-12-21,C03897,P0002,S007,1,0.0,Debit Card
O000770,2023-07-05,C07645,P0127,S013,3,0.0,Credit Card
O000771,2025-03-03,C00855,P0053,S021,3,0.0,UPI
O000772,2023-09-15,C03703,P0055,S018,1,0.0,Debit Card
O000773,2025-12-05,C05173,P0023,S015,1,0.0,Net Banking
O000774,2025-08-20,C04810,P0098,S012,4,0.05,UPI
O000775,2023-03-04,C00522,P0146,S003,2,0.0,UPI
O000776,2023-09-23,C06400,P0103,S024,1,0.05,Credit Card
O000777,2023-11-01,C06978,P0075,S003,1,0.1,UPI
O000778,2023-12-20,C02482,P0018,S004,1,0.05,UPI
O000779,2024-08-20,C05398,P0102,S014,1,0.1,UPI
O000780,2024-04-13,C07802,P0016,S021,1,0.0,UPI
O000781,2023-05-31,C06526,P0021,S014,4,0.0,Credit Card
O000782,2024-04-04,C04248,P0090,S004,2,0.1,Credit Card
O000783,2024-05-02,C02287,P0109,S013,1,0.0,Cash
O000784,2025-10-11,C02349,P0109,S009,1,0.0,UPI
O000785,2025-06-06,C06161,P0070,S019,2,0.0,Credit Card
O000786,2024-10-24,C05289,P0074,S004,1,0.05,Credit Card
O000787,2023-08-02,C07630,P0058,S021,2,,Debit Card
O000788,2024-05-10,C05184,P0027,S025,2,0.05,Credit Card
O000789,2023-04-04,C05235,P0124,S018,1,0.0,Credit Card
O000790,2025-02-08,C00439,P0029,S018,3,0.1,UPI
O000791,2023-01-29,C02247,P0028,S023,2,0.0,Debit Card
O000792,2025-09-27,C02511,P0128,S008,1,0.0,UPI
O000793,2025-08-18,C02037,P0111,S025,2,0.0,UPI
O000794,2025-05-23,C04113,P0093,S005,3,0.1,Cash
O000795,2023-06-06,C05454,P0124,S011,1,0.0,Debit Card
O000796,2024-03-14,C03882,P0005,S003,3,0.0,Credit Card
O000797,2025-03-25,C04564,P0147,S023,1,0.0,Debit Card
O000798,2025-01-04,C01386,P0145,S001,1,0.0,UPI
O000799,2024-12-18,C03958,P0147,S005,1,0.1,UPI
O000800,2023-11-10,C03200,P0102,S017,1,0.0,Debit Card
O000801,2023-12-19,C02360,P0020,S014,4,0.0,UPI
O000802,2024-12-10,C07061,P0069,S002,3,0.15,UPI
O000803,2025-09-26,C04201,P0007,S017,4,0.0,UPI
O000804,2024-02-17,C00730,P0032,S005,4,0.0,Credit Card
O000805,2024-11-11,C04938,P0036,S018,1,0.0,UPI
O000806,2023-06-16,C01519,P0085,S013,1,0.05,UPI
O000807,2024-03-14,C04253,P0089,S025,3,0.0,Credit Card
O000808,2025-08-01,C05729,P0030,S009,1,0.0,Debit Card
O000809,2025-10-14,C05347,P0127,S007,1,0.0,Debit Card
O000810,2024-04-21,C05731,P0126,S009,1,0.0,Debit Card
O000811,2024-09-25,C05919,P0039,S001,2,0.0,UPI
O000812,2024-05-03,C07344,P0124,S009,1,0.1,Credit Card
O000813,2024-08-11,C01176,P0088,S002,4,0.1,Net Banking
O000814,2023-10-06,C05433,P0085,S008,4,0.0,Cash
O000815,2025-01-15,C02941,P0141,S016,1,,UPI
O000816,2024-08-27,C05501,P0047,S016,1,0.1,UPI
O000817,2023-11-02,C01823,P0134,S024,2,0.05,Net Banking
O000818,2023-05-27,C01046,P0150,S005,1,0.0,UPI
O000819,2023-05-31,C01961,P0054,S002,1,0.05,UPI
O000820,2025-02-02,C07746,P0012,S006,3,0.05,Net Banking
O000821,2024-07-25,C07821,P0135,S025,3,0.0,UPI
O000822,2023-10-13,C06741,P0033,S006,1,0.0,Cash
O000823,2025-09-18,C06434,P0064,S017,2,0.05,UPI
O000824,2024-09-15,C01698,P0150,S004,1,0.0,Net Banking
O000825,2024-12-24,C04603,P0113,S017,1,0.1,UPI
O000826,2024-04-06,C07782,P0029,S014,3,0.1,UPI
O000827,2025-02-08,C05321,P0014,S017,1,0.1,UPI
O000828,2023-05-19,C03051,P0028,S020,1,0.05,Cash
O000829,2024-09-09,C02212,P0140,S018,2,0.0,Credit Card
O000830,2024-02-09,C03640,P0072,S021,1,0.05,Credit Card
O000831,2023-07-16,C01830,P0054,S015,1,0.0,Credit Card
O000832,2025-03-21,C01385,P0079,S012,1,0.0,Credit Card
O000833,2025-09-26,C07229,P0004,S001,1,0.0,Cash
O000834,2024-10-21,C05325,P0130,S017,1,0.0,Cash
O000835,2023-07-27,C05466,P0032,S025,1,0.1,Cash
O000836,2024-04-20,C04240,P0083,S002,3,0.05,Debit Card
O000837,2025-12-31,C02297,P0126,S016,2,0.1,Debit Card
O000838,2024-11-28,C04223,P0125,S024,1,0.05,UPI
O000839,2025-01-30,C03492,P0076,S004,1,0.05,UPI
O000840,2023-03-10,C03656,P0005,S013,1,0.05,UPI
O000841,2025-04-02,C01747,P0060,S003,1,0.0,Debit Card
O000842,2023-07-11,C00855,P0086,S011,2,0.0,Credit Card
O000843,2025-09-30,C01684,P0030,S007,1,0.0,UPI
O000844,2025-10-06,C05102,P0020,S015,1,0.0,Credit Card
O000845,2024-03-08,C00226,P0107,S004,3,0.1,UPI
O000846,2023-04-15,C07342,P0004,S010,5,0.0,Credit Card
O000847,2023-04-03,C03907,P0037,S004,1,0.0,Credit Card
O000848,2024-09-03,C01041,P0077,S014,2,0.15,UPI
O000849,2025-01-07,C07202,P0083,S002,2,0.1,Cash
O000850,2023-02-19,C02747,P0057,S013,3,0.05,Debit Card
O000851,2023-09-03,C01060,P0007,S015,5,0.0,Debit Card
O000852,2025-09-03,C04496,P0006,S008,1,0.0,UPI
O000853,2023-07-22,C04657,P0107,S018,3,0.0,UPI
O000854,2025-06-10,C02676,P0115,S024,2,0.1,Debit Card
O000855,2025-07-04,C02159,P0076,S006,1,0.1,UPI
O000856,2025-01-10,C07408,P0022,S012,4,0.0,Credit Card
O000857,2024-07-28,C00079,P0145,S006,1,0.05,Debit Card
O000858,2024-10-09,C04927,P0063,S002,4,0.0,UPI
O000859,2024-06-11,C07079,P0021,S010,3,0.0,Debit Card
O000860,2023-04-17,C03176,P0123,S001,2,0.0,Debit Card
O000861,2024-07-10,C07811,P0111,S012,1,0.0,UPI
O000862,2023-04-11,C00112,P0011,S010,1,0.0,Debit Card
O000863,2024-06-05,C06958,P0092,S009,2,0.15,Credit Card
O000864,2024-03-08,C02423,P0138,S015,1,0.0,Credit Card
O000865,2024-07-31,C07334,P0142,S019,2,0.0,UPI
O000866,2023-10-03,C02591,P0114,S014,1,0.0,Credit Card
O000867,2025-08-21,C04936,P0085,S024,1,0.2,UPI
O000868,2023-08-07,C06494,P0099,S012,1,0.0,UPI
O000869,2023-08-29,C03016,P0145,S011,2,0.0,UPI
O000870,2024-11-23,C07702,P0006,S015,3,0.0,Debit Card
O000871,2024-06-09,C00583,P0111,S022,1,0.05,Cash
O000872,2025-03-04,C07194,P0049,S025,3,0.0,Debit Card
O000873,2024-04-13,C06365,P0041,S023,1,0.1,Credit Card
O000874,2025-08-24,C00475,P0042,S012,1,0.05,UPI
O000875,2025-11-10,C02081,P0075,S009,1,,UPI
O000876,2025-10-31,C04973,P0047,S009,2,0.0,Net Banking
O000877,2024-04-11,C01518,P0131,S025,1,0.0,Cash
O000878,2024-05-10,C07078,P0114,S021,1,0.0,Debit Card
O000879,2023-11-18,C06400,P0149,S015,2,0.0,Net Banking
O000880,2023-07-09,C05879,P0069,S010,4,0.2,Net Banking
O000881,2023-02-10,C07284,P0002,S019,2,0.05,UPI
O000882,2024-06-06,C07349,P0104,S008,3,0.1,UPI
O000883,2024-08-15,C04591,P0129,S016,2,0.05,Debit Card
O000884,2025-09-06,C03255,P0123,S014,3,0.1,Credit Card
O000885,2024-02-26,C03710,P0136,S002,1,0.0,Cash
O000886,2024-12-19,C00914,P0145,S004,3,0.05,UPI
O000887,2023-09-17,C06937,P0138,S019,1,0.05,Credit Card
O000888,2025-07-26,C03544,P0109,S023,4,0.0,Debit Card
O000889,2023-06-17,C04820,P0031,S020,1,0.0,UPI
O000890,2024-06-02,C01034,P0088,S019,2,0.2,UPI
O000891,2025-07-07,C03566,P0149,S016,3,0.0,Credit Card
O000892,2024-12-28,C03445,P0115,S011,2,0.0,Debit Card
O000893,2025-06-12,C06011,P0055,S024,2,0.05,Credit Card
O000894,2024-09-12,C07011,P0072,S015,1,0.15,Cash
O000895,2023-08-16,C02226,P0009,S012,3,0.05,Net Banking
O000896,2023-04-24,C01105,P0094,S024,1,0.0,UPI
O000897,2024-07-31,C02098,P0073,S002,2,0.2,Debit Card
O000898,2024-10-18,C03755,P0083,S005,1,0.05,Credit Card
O000899,2024-07-01,C07650,P0141,S009,1,0.0,Debit Card
O000900,2025-08-27,C03198,P0105,S007,1,0.0,Debit Card
O000901,2024-01-12,C00027,P0086,S001,5,0.1,Net Banking
O000902,2023-01-21,C05619,P0116,S006,1,0.05,UPI
O000903,2023-10-20,C03890,P0100,S019,1,0.1,Cash
O000904,2025-10-16,C00494,P0143,S019,5,0.0,Debit Card
O000905,2025-05-23,C06693,P0104,S001,1,0.05,Cash
O000906,2023-03-05,C06455,P0048,S025,1,0.0,UPI
O000907,2023-12-20,C05255,P0074,S007,2,0.0,UPI
O000908,2025-09-14,C04942,P0102,S004,1,0.0,Credit Card
O000909,2025-08-14,C05577,P0135,S009,1,0.05,UPI
O000910,2024-08-12,C04623,P0017,S019,1,0.0,Net Banking
O000911,2025-05-27,C04768,P0086,S001,3,0.15,Cash
O000912,2024-12-03,C04976,P0046,S012,1,0.05,Credit Card
O000913,2024-12-15,C03499,P0122,S017,1,0.1,Credit Card
O000914,2024-03-02,C00439,P0123,S022,1,0.1,UPI
O000915,2024-03-17,C06179,P0079,S024,2,0.05,UPI
O000916,2025-09-10,C02455,P0060,S006,3,0.05,Credit Card
O000917,2023-12-26,C06209,P0072,S020,-1,0.2,UPI
O000918,2025-02-15,C05512,P0148,S021,1,0.1,Credit Card
O000919,2023-08-30,C05283,P0045,S019,3,,Cash
O000920,2023-03-22,C02026,P0018,S004,1,0.1,Credit Card
O000921,2023-07-13,C02156,P0112,S012,2,0.0,Net Banking
O000922,2023-10-25,C00226,P0049,S008,2,0.0,Net Banking
O000923,2025-02-27,C03541,P0111,S021,2,0.0,UPI
O000924,2024-08-17,C06776,P0049,S018,2,0.05,UPI
O000925,2024-08-10,C07264,P0041,S017,1,0.05,UPI
O000926,2025-09-08,C01977,P0079,S021,1,0.1,UPI
O000927,2024-05-13,C00080,P0046,S015,1,0.0,Debit Card
O000928,2023-06-12,C03719,P0148,S007,3,0.05,UPI
O000929,2023-04-06,C07773,P0085,S012,1,0.15,Credit Card
O000930,2023-10-26,C02277,P0079,S022,2,0.2,UPI
O000931,2025-08-12,C01177,P0102,S018,2,0.05,Credit Card
O000932,2024-05-07,C06012,P0131,S022,1,0.0,Cash
O000933,2023-06-12,C06565,P0044,S017,4,0.05,UPI
O000934,2025-09-25,C03934,P0066,S016,2,0.05,Cash
O000935,2023-06-20,C00427,P0076,S001,1,0.05,Credit Card
O000936,2025-02-19,C02569,P0047,S024,1,0.0,Credit Card
O000937,2023-06-02,C05454,P0132,S002,1,0.0,UPI
O000938,2023-06-08,C05771,P0003,S015,3,0.1,UPI
O000939,2024-07-27,C02043,P0064,S015,1,0.0,Credit Card
O000940,2025-06-15,C04335,P0026,S010,2,0.0,Cash
O000941,2024-10-12,C00246,P0021,S019,1,0.0,Cash
O000942,2023-06-12,C00249,P0030,S024,1,0.0,UPI
O000943,2025-06-26,C06909,P0058,S003,3,0.05,UPI
O000944,2023-04-05,C05931,P0017,S022,2,,Credit Card
O000945,2023-07-08,C07416,P0116,S012,1,0.0,Cash
O000946,2024-04-22,C00056,P0048,S004,2,0.05,UPI
O000947,2024-03-12,C01934,P0124,S021,2,0.0,Cash
O000948,2023-01-12,C00801,P0075,S019,1,0.05,UPI
O000949,2023-11-20,C07532,P0041,S024,2,0.0,UPI
O000950,2023-01-01,C03408,P0020,S007,-1,0.0,UPI
O000951,2025-05-23,C07591,P0104,S002,1,0.0,Cash
O000952,2024-07-08,C02045,P0088,S018,2,0.1,Cash
O000953,2023-06-20,C00526,P0143,S023,3,0.0,Net Banking
O000954,2024-11-25,C00431,P0022,S011,2,0.0,Debit Card
O000955,2024-11-02,C05008,P0105,S002,3,0.0,Credit Card
O000956,2024-01-26,C06545,P0071,S025,1,0.15,Credit Card
O000957,2025-05-04,C00408,P0084,S009,3,0.1,UPI
O000958,2024-10-10,C03869,P0090,S001,3,0.05,UPI
O000959,2025-03-31,C07086,P0067,S025,1,0.2,Cash
O000960,2025-10-21,C03400,P0029,S025,2,0.05,UPI
O000961,2024-06-12,C07208,P0028,S024,1,0.05,Debit Card
O000962,2023-08-12,C06499,P0030,S010,2,0.0,UPI
O000963,2025-01-25,C07902,P0143,S001,4,0.1,Credit Card
O000964,2024-11-07,C02901,P0126,S002,2,0.05,Credit Card
O000965,2025-02-20,C06966,P0084,S002,1,0.1,UPI
O000966,2024-09-04,C07424,P0072,S024,1,0.1,Debit Card
O000967,2025-04-08,C04045,P0005,S017,1,,Cash
O000968,2023-05-13,C02691,P0032,S008,1,0.1,Debit Card
O000969,2023-12-29,C03365,P0131,S009,3,0.05,UPI
O000970,2023-10-20,C02088,P0017,S014,2,0.1,UPI
O000971,2023-11-03,C07161,P0002,S015,4,0.1,UPI
O000972,2023-01-22,C00362,P0110,S018,1,0.0,UPI
O000973,2025-01-07,C04725,P0121,S005,2,0.0,Credit Card
O000974,2025-08-15,C03207,P0106,S024,1,0.0,UPI
O000975,2023-09-06,C07091,P0118,S003,1,0.0,Debit Card
O000976,2025-06-04,C00114,P0021,S023,3,0.05,UPI
O000977,2023-08-16,C05820,P0138,S001,1,0.05,Cash
O000978,2024-05-27,C01467,P0130,S010,4,0.0,Credit Card
O000979,2023-07-30,C04338,P0110,S016,1,0.0,Credit Card
O000980,2025-09-26,C01076,P0024,S020,2,0.0,Credit Card
O000981,2024-04-21,C02453,P0031,S009,1,0.1,Debit Card
O000982,2023-08-15,C02969,P0041,S015,4,0.0,Debit Card
O000983,2025-12-31,C01820,P0051,S014,4,0.05,Cash
O000984,2024-07-28,C06432,P0014,S017,2,0.0,UPI
O000985,2023-04-03,C02829,P0150,S009,3,0.05,Debit Card
O000986,2025-03-11,C04841,P0137,S018,1,0.0,Debit Card
O000987,2023-12-05,C02804,P0104,S005,1,0.0,Credit Card
O000988,2023-01-30,C07043,P0144,S018,1,0.0,Credit Card
O000989,2023-03-20,C06490,P0018,S013,3,0.0,Debit Card
O000990,2025-03-26,C05885,P0062,S015,1,0.0,Net Banking
O000991,2024-12-21,C07250,P0028,S011,1,0.05,Cash
O000992,2023-06-07,C03569,P0106,S005,5,0.05,Cash
O000993,2024-12-12,C04438,P0102,S024,1,0.0,UPI
O000994,2025-01-06,C01995,P0097,S017,1,0.0,Cash
O000995,2023-10-31,C01457,P0084,S009,1,0.2,Net Banking
O000996,2023-02-10,C03173,P0069,S001,2,0.2,Cash
O000997,2025-08-06,C06713,P0053,S021,3,0.05,Cash
O000998,2024-02-14,C05211,P0074,S004,2,0.0,Debit Card
O000999,2025-06-14,C03191,P0083,S018,1,0.1,Net Banking
O001000,2024-05-08,C06977,P0145,S008,4,0.0,UPI
O000522,2024-01-07,C03736,P0117,S009,1,0.0,UPI
O000738,2024-07-06,C06173,P0110,S007,1,0.1,Cash
O000741,2023-01-28,C07164,P0128,S024,1,0.0,Credit Card
O000661,2023-03-18,C07593,P0099,S010,2,0.0,Debit Card
O000412,2025-02-27,C00771,P0009,S022,1,0.0,UPI
